SUM(lo_tax);d_month
13869251.195007438;November 
13633461.931262692;September
14083573.699068485;July     
12931426.54417938;February 
14196773.78355324;January  
13926440.81182692;April    
13855935.4452625;Octorber 
14235367.125571473;June     
14150791.039381333;Augest   
13769466.15600454;December 
13856832.954990333;May      
14556867.075568715;March    