SUM(lo_quantity);d_year
16758651.085782494;1994
18030955.372839678;1997
18509390.386325136;1996
16130904.01720739;1995
10452294.076827977;1998
16919942.800285082;1993
18189000.608029384;1992