SUM(lo_quantity);d_year
15562.290448706086;1993
17399.695487115077;1995
29079.19713850099;1994
32063.010385466405;1996
17264.620510322355;1992
44112.051712090484;1997
434.16195529612196;1998