SUM(lo_revenue);lo_shipmode
17888648227.16296;FOB       
24933695783.038933;SHIP      
18725565144.460342;REG AIR   
16673694768.361416;AIR       
21245706707.952984;RAIL      
16174980600.869606;TRUCK     
20809374907.382748;MAIL      