SUM(lo_tax);d_month
2605519.571869161;January  
2239770.668306901;September
2404486.215994444;February 
2530427.2704143366;December 
2423751.3071814557;November 
2610962.015753546;Augest   
2536684.931526582;April    
2605855.415577255;June     
2696381.9578009583;May      
2448159.1024006545;March    
2663018.3371155704;July     
2641325.410262788;Octorber 