SUM(lo_quantity);d_year
9628.998078355387;1994
8450.133505489319;1992
8952.825258168667;1993
9400.611991249301;1997
8788.681253632445;1995
4732.925204935519;1998
8795.822105465508;1996