SUM(lo_revenue);lo_shipmode
81529554.31069583;RAIL      
92531065.61593573;MAIL      
78855745.23949039;FOB       
85232412.07030879;AIR       
91904082.81137878;REG AIR   
76416258.15640414;SHIP      
76521797.65564507;TRUCK     