SUM(lo_tax);d_month
8855922.922197212;July     
8533850.57957231;June     
6068599.916338459;May      
8361910.255019781;September
1996.5429721100452;January  
6044692.643208957;Octorber 
2621025.872218972;April    
601295.1105472276;March    
51380.88252336684;February 
2678402.7210001657;November 
637573.215478891;December 
9102972.993250834;Augest   